EMDB ID,PDB ID,Resolution,Num. atoms,% Atom with node,% Node with atom,Graph Atomic RMSD
emd_11669,7a6b,1.3,35712,84.25459229390681,94.31992727500706,0.151193657471361
emd_22657,7k3v,1.3,35400,78.8220338983051,89.44129243196461,0.2258119151753362
emd_11121,6z9e,1.6,34896,84.439477303989,66.28573999505095,0.2909539122744853
emd_11668,7a6a,1.1,35448,87.98521778379599,96.21186414535583,0.1378271786121438
emd_11638,7a4m,1.2,35712,86.99596774193549,88.80885001286339,0.19245512946448876
emd_11103,6z6u,1.2,35040,88.73287671232876,95.3420624942504,0.1468740005256372
